Retail,pearson correlation,p
all,0.07802893827907136,0.666019236968821
1,-0.2791696420643557,0.11564106334458273
2,0.06703924456422707,0.7108763679143202
3,0.1599453125780042,0.37393248117447564
4,0.1535669770852065,0.39352755947757506
5,0.003571796736753008,0.9842609288989759
6,-0.05677031908725663,0.7536735913687921
7,0.03793520276671568,0.8339847854815142
8,-0.1769829965238551,0.3244793380094131
